"SERIAL NO","SID","BU","TYPE","DATE (YY-MM-DD)","Q. No","Accounting Month","Query Category","Query / Error Description","Sample ID(s) / Serial Id(s)","Classification","Result","Follow up Explanation","Phase","RDG Version number","QA Responsible","Query Status","SW Responsible"
"28","121212","EU","Ugam","2019-01-31 02:54:13","Q1","2019-Jan","Skip/Logic- Missing data(With filter)","dsklfjaskhf","1212, 1212","Suggestion","Rejected","

A ADAD","RDG","RDG1","radhika","Close","sf"
"29","121212","EU","Ugam","2019-01-31 02:54:30","aq","2019-Jan","Skip/Logic-Extra data","asd asd asdf asf","1212","Error","Rejected","","RDG","RDG2","radhika","Close","sf"
"30","121212","EU","Ugam","2019-01-31 02:54:47","2019-Jan","2019-Mar","Skip/Logic-Extra data","szd asdsadf ","1212","Error","Accepted","






","RDG","RDG3","mani","Close","sf"
"31","121212","EU","Ugam","2019-01-31 02:55:09","qw12w1","2019-Jan","Skip-Logic -Missing data(Ask All)","qd asd asdf sdf ","121, ","Marker","Accepted","","RDG","RDG4","radhika","Close","sf"
"32","121212","EU","Ugam","2019-01-31 02:55:24","qwq","2019-Jan","Skip/Logic- Missing data(With filter)","sdf sdf sdf sdgf","121","PM","Accepted","","RDG","RDG3","radhika","Close","sf"
"33","121212","EU","Ugam","2019-01-31 02:55:52","asd klasdhf","2019-Jan","Skip/Logic- Missing data(With filter)","SD;KFJSF","12, 21","CS","Rejected","","RDG","RDG3","radhika","Close","sf"